PDB ID,Asym ID1,Asym ID2,Auth Asym ID1,Auth Asym ID2,Uniprot accession1,Uniprot accession2,Uniprot boundary1
1mv0,None,None,A,B,P01106,O00499,55-68
1jsp,None,None,A,B,P04637,Q92793,367-386
2ruk,None,None,A,B,P04637,P32780,41-62
2kpl,None,None,B,A,P03126,Q96QZ7,148-158
2kje,None,None,B,A,P03255,Q92793,50-91
2mzd,None,None,B,A,P04637,Q09472,35-59
2lsp,None,None,A,B,Q04206,O60885,304-316
2kft,None,None,B,A,P61836,O43918,2-22
2lp0,None,None,B,A,O75496,P31274,171-190
2asq,None,None,B,A,O75928,P63165,466-490
1h3h,None,None,B,A,Q13094,O89100,232-242
2gs0,None,None,B,A,P04637,P32776,20-73
2k8f,None,None,B,A,P04637,Q09472,1-39
2ly4,None,None,B,A,P04637,P09429,1-93
3sv1,None,None,D,A,P05067,O35431,754-767
2k2u,None,None,B,A,P04486,P32776,456-490
2rol,None,None,B,A,P07766,Q8TE68,181-192
2jnw,None,None,B,A,P23025,P07992,67-80
1aou,None,None,P,F,P03079,P06241,321-331
1tce,None,None,B,A,P20963,P29353,137-150
2lto,None,None,B,A,P24928,Q9H7E2,1804-1816
2rqu,None,None,B,A,P25054,Q9ULH1,1578-1596
1opi,None,None,B,A,Q15637,P26368,13-25
1onv,None,None,B,A,Q9Y5B0,P35269,879-961
1t6o,None,None,B,A,B1AAA7,Q9WMB4,486-505
2a4j,None,None,B,A,Q01831,P41208,847-863
2ka6,None,None,B,A,P42224,P45481,706-750
1ju5,None,None,B,A,Q64010,P46108,217-229
2ka4,None,None,B,A,P52630,Q6GQV9,782-838
2x4w,None,None,B,A,Q71DI3,P55201,23-43
2rpq,None,None,B,A,Q6VMQ6,P61956,938-981
2rny,None,None,B,A,P62805,Q92793,14-28
2kqs,None,None,B,A,Q9UER7,P63165,719-740
2l75,None,None,B,A,P68431,Q14839,2-15
2lww,None,None,B,A,Q548Y4,P45481,421-490
1e91,None,None,B,A,Q05195,Q62141,8-20
2bzw,None,None,B,A,Q61337,Q64373,137-163
1l3e,None,None,A,B,Q16665,Q09472,785-826
2fuu,None,None,B,A,P61836,Q12830,2-16
1l8c,None,None,B,A,Q16665,P45481,776-826
3t6r,None,None,D,B,Q16695,Q96T88,2-8
2rnw,None,None,B,A,P61830,Q92831,2-16
2puy,None,None,E,B,P61836,Q96BD5,2-11
1r8u,None,None,A,B,Q99967,Q6JHU9,220-269
3kqi,None,None,B,A,P68431,O75151,2-13
1ycq,None,None,B,A,P04637,P56273,13-29
2wp2,None,None,P,A,P62806,Q91Y44,2-21
2cia,None,None,L,A,B7UM99,O43639,471-481
4qq4,None,None,C,A,P84243,Q14149,2-17
3diw,None,None,C,A,P35222,Q9DBG9,772-781
2p2t,None,None,C,A,Q24246,Q24117,123-138
3dxc,None,None,B,A,P05067,O00213,736-770
3b71,None,None,D,A,P01730,Q05397,428-450
4jop,None,None,C,A,P03126,Q9HD26,152-158
4hfz,None,None,B,A,P04637,Q00987,15-29
3dac,None,None,B,A,P04637,Q7ZUW7,17-37
3qzs,None,None,C,A,P62805,Q12830,13-22
3dab,None,None,B,A,P04637,O15151,15-29
3ik5,None,None,B,A,P20963,Q5QGG3,63-80
5ffw,None,None,C,"A,B",Q0VAS5,"P55201,P55201",2-11
3cyy,None,None,C,"A,B",P08050,"Q07157,Q07157",374-382
4u68,None,None,D,A,P68431,Q7JXA8,5-15
4a1g,None,None,E,A,Q8NG31,O43683,174-226
2b3g,None,None,B,A,P04637,P27694,33-60
1x11,None,None,C,A,P05067,Q02410,754-766
3ixs,None,None,B,A,Q8N488,Q99496,143-179
2kxc,None,None,B,A,P0DJ89,Q9UHR4,220-267
4bwq,None,None,B,A,O60828,P83876,223-265
4cc2,None,None,B,A,O00401,Q6XZF7,346-357
4lk9,None,None,B,A,P68431,Q92794,2-22
3v4y,None,None,B,A,Q12972,P62136,160-214
1t08,None,None,C,A,P25054,P35222,1484-1498
2msr,None,None,A,B,Q03164,O75475,140-160
4oz1,None,None,C,B,O75533,Q14498,333-342
3dow,None,None,B,A,P27797,O95166,195-206
3gv6,None,None,B,A,Q92133,O95503,2-16
2l1b,None,None,B,A,Q92133,O95931,20-34
3jti,None,None,B,A,P05067,P60045,699-706
3gci,None,None,P,A,P05067,P60045,707-713
1qnz,None,None,P,H,Q79416,P01750,9-26
3obu,None,None,B,A,Q72497,Q99816,453-461
1npq,None,None,B,A,P02643,P02588,116-132
2rqg,None,None,A,B,Q8R050,P11940,64-82
1emu,None,None,B,A,P25054,O15169,2034-2049
1p4q,None,None,A,B,O35740,Q09472,215-258
1oqn,None,None,C,A,P08592,P97318,755-763
2roz,None,None,A,B,P12023,Q9DBR4,739-770
1kne,None,None,P,A,P02299,P05205,2-17
2lox,None,None,B,A,P07276,P32776,640-691
1q0w,None,None,A,B,P40343,P0CG63,255-278
2mkr,None,None,B,A,P12978,P32776,453-465
2m14,None,None,B,A,P14736,P32776,74-115
3hpw,None,None,C,"A,B",P62552,"P62554,P62554",37-72
1pdq,None,None,B,A,P84244,P26017,16-33
5urn,None,None,B,A,Q04206,P32776,519-551
2rvb,None,None,A,B,Q01831,P32780,105-156
2mkp,None,None,I,C,P48788,P63316,116-132
2rs9,None,None,A,B,P62805,P55201,2-11
4qyd,None,None,B,A,P62805,P55201,5-18
1th1,None,None,C,A,P25054,P35222,1469-1529
1qz7,None,None,B,A,Q9YGY0,P35222,466-482
1o9u,None,None,B,A,O15169,P49841,383-400
2l12,None,None,B,A,Q92133,B0QYP2,2-16
2l11,None,None,B,A,Q92133,Q13185,2-16
4o62,None,None,D,B,K7ES00,Q504Y3,2-12
3fdt,None,None,T,A,Q3BDD9,P45973,2-16
2ybf,None,None,B,A,Q9NS91,P63146,340-366
5hjc,None,None,B,A,P68431,Q15059,16-24
3asl,None,None,B,A,P84243,Q96T88,2-12
2jmj,None,None,P,A,P61830,Q08465,2-10
3g7l,None,None,P,A,P09988,Q10103,2-17
3o7a,None,None,B,A,Q92133,Q86YI8,2-12
2rr4,None,None,B,A,A8K4Y7,Q9H0M4,2-11
3tz1,None,None,B,A,Q7M3Y3,Q27428,143-166
2m8s,None,None,B,A,Q99075,Q60739,185-208
2ktb,None,None,A,B,P07041,Q86U86,2-21
2rnx,None,None,B,A,P61830,Q92831,32-44
5ffv,None,None,C,A,K7EMV3,P55201,10-20
4hcz,None,None,C,A,Q6TXQ4,O43189,17-26
5lxh,None,None,E,A,Q9Y4P1,Q9H0R8,384-393
1pfb,None,None,B,A,P06352,P26017,21-31
3tcj,None,None,T,"A,B",P62553,"Q84B82,Q84B82",37-72
2vnf,None,None,B,A,Q5TEC6,Q9UNL4,2-11
2wp1,None,None,P,A,B9EI85,Q91Y44,15-24
1jgn,None,None,B,A,Q9BPZ3,P11940,106-127
5b77,None,None,B,A,K7EMV3,Q92794,2-26
3nfk,None,None,C,A,P03524,P29074,512-524
4qyl,None,None,E,A,P0C0S8,P55201,2-13
2x04,None,None,C,A,Q9HCJ0,P11940,1382-1399
2jkr,None,None,P,S,B0AZV7,P62743,252-262
2kgb,None,None,I,C,P19429,P63316,145-164
2vog,None,None,B,A,Q91ZE9,Q07440,126-152
3uvy,None,None,B,A,P62805,O60885,16-26
3uvx,None,None,B,A,P62805,O60885,11-17
3uw9,None,None,E,"A,C",P62805,"O60885,O60885",8-18
3uvw,None,None,B,A,P62805,O60885,2-13
4kv1,None,None,C,A,Q04206,O60885,308-314
4gnf,None,None,C,A,P84243,Q9BZ95,2-16
2l1l,None,None,A,B,P61926,O14980,30-54
2w84,None,None,B,A,P50542,O75381,108-127
4bxu,None,None,B,A,P50542,O75381,57-71
5ixf,None,None,B,A,C9JK83,O75886,228-241
2mwo,None,None,B,A,P04637,Q12888,363-377
2mwp,None,None,B,A,P04637,Q12888,376-387
2lpb,None,None,B,A,P03069,P19659,101-134
2jo9,None,None,B,A,P13285,Q8C863,54-62
2n8t,None,None,B,A,P08050,Q62940,276-289
4jxt,None,None,B,A,P24928,Q96P16,1611-1631
2law,None,None,B,A,Q15797,P46937,222-233
2k00,None,None,B,A,Q8C351,P54939,367-381
4bd3,None,None,B,A,P68431,Q5T6S3,32-42
2lvm,None,None,B,A,P62805,Q12888,15-28
2laj,None,None,B,A,P84022,Q8CFI0,202-211
2lb2,None,None,B,A,P84022,Q96PU5,178-189
5j9s,None,None,B,A,P68431,Q03111,16-40
2ndf,None,None,B,A,P68431,P42568,13-25
4tmp,None,None,B,A,P84243,P42568,2-12
5d7e,None,None,C,A,P61830,P35189,6-12
5hjb,None,None,B,A,P68431,P42568,4-9
5iql,None,None,B,A,P68431,Q9ULM3,25-32
2czy,None,None,B,A,Q13127,Q62141,43-57
2lb1,None,None,B,A,Q15797,Q9HCE7,220-234
2rms,None,None,B,A,Q1EHW4,Q60520,126-186
1s5q,None,None,A,B,Q05195,Q60520,6-21
1s5r,None,None,A,B,Q8R316,Q60520,358-380
2l9s,None,None,A,B,Q96QT6,Q60520,197-241
2g46,None,None,C,A,P06352,O41094,14-34
2peh,None,None,C,A,O75533,Q96I25,333-342
2phe,None,None,C,"A,B",P06492,"P53999,P53999",465-490
3owt,None,None,C,"A,B",P06701,"P11938,P11938",455-481
2kyg,None,None,C,"A,B",Q61909,"P13861,P13861",410-440
2v83,None,None,D,A,Q5TEC6,P21784,2-10
2v86,None,None,E,A,P84228,P21784,2-9
4iut,None,None,C,B,P59226,Q9XI47,2-16
2kwj,None,None,B,A,P07041,Q92784,2-21
2kwn,None,None,B,A,P62805,Q92784,9-23
5cqx,None,None,C,"A,B",P0AE72,"P0AE70,P0AE70",68-82
4mbe,None,None,G,"A,B,C",P20676,"P06704,P46674,Q6WNK7",316-340
4mbe,None,None,X,"A,B,C",P20676,"P06704,P46674,Q6WNK7",316-340
1lqb,None,None,D,"A,B,C",Q16665,"Q15370,Q15369,P40337",549-582
2ast,None,None,D,"A,B,C",P46527,"P63208,Q13309,P61024",181-190
3ql9,None,None,C,A,P84243,P46100,2-16
2lbm,None,None,C,A,P68431,P46100,2-16
2j0s,None,None,T,"A,C,D",O15234,"P38919,P61326,Q9Y5S9",137-286
1k4u,None,None,P,S,P14598,P19878,359-390
3uin,None,None,D,"A,B",P49792,"P63279,P61956",2627-2695
3uip,None,None,D,"A,B",P49792,"P63279,P63165",2631-2695
3obq,None,None,B,A,O14964,Q99816,346-354
4eje,None,None,C,A,Q05128,Q99816,5-13
2mps,None,None,B,A,O15350,Q00987,10-25
3ivb,None,None,M,A,O75367,O43791,167-181
1l2z,None,None,B,A,P06729,O95400,294-304
3so6,None,None,Q,A,P01130,Q8C142,819-832
1lcj,None,None,B,A,P03079,P06239,321-331
2ejy,None,None,B,A,P04921,Q00013,117-128
2mrk,None,None,B,A,P06241,P06241,528-537
2ain,None,None,B,A,P11274,P55196,1266-1271
1lf8,None,None,E,A,P11717,Q9NZ52,2480-2491
1jh4,None,None,B,A,Q9H074,P11940,123-144
1dpu,None,None,B,A,P13051,P15927,73-88
4mqv,None,None,B,A,Q9NZC9,P15927,5-30
1irs,None,None,B,A,P24394,P35568,489-499
2yu7,None,None,B,A,P26715,P29350,33-47
1qg1,None,None,I,E,P29353,P62993,423-435
2koh,None,None,B,A,P55284,Q99NH2,769-784
2vwf,None,None,B,A,Q9UQC2,P62993,508-522
2w0z,None,None,B,A,Q9UQC2,P62993,350-358
1g3f,None,None,B,A,Q9NR28,P98170,56-64
2k6q,None,None,B,A,O08623,Q62625,330-346
4u7y,None,None,B,A,P53990,O75351,341-364
2jqk,None,None,B,A,Q9UQN3,O75351,195-213
3wim,None,None,B,A,Q8IZQ1,O95166,3341-3354
2lsv,None,None,B,A,P02829,P25638,701-709
2mho,None,None,B,A,P08909,P31016,452-460
3ktr,None,None,B,A,Q99700,P11940,912-928
4oaj,None,None,B,A,P14842,Q811D0,465-471
2vzg,None,None,A,B,P49023,Q9NVD7,141-160
4wzx,None,None,E,A,P53990,Q6PHR2,342-364
2knh,None,None,B,A,Q99081,Q06455,11-28
1vj6,None,None,B,A,Q61315,Q64512,2834-2845
2vzi,None,None,A,B,Q66H76,Q9NVD7,291-310
2k2r,None,None,B,A,P49023,Q9NVD7,3-12
4edn,None,None,K,A,P49023,Q9HBI1,2-13
3rqe,None,None,E,"C,D",P49023,"Q9BUL8,Q9BUL8",5-14
3rqf,None,None,E,"A,B",P49023,"Q9BUL8,Q9BUL8",143-153
1ow8,None,None,D,A,P49023,Q05397,142-153
4r32,None,None,B,A,P49024,Q14289,139-162
4r32,None,None,C,A,P49024,Q14289,139-162
1ow6,None,None,F,C,P49023,Q05397,263-274
3gm1,None,None,E,A,P49023,Q14289,262-274
3gm1,None,None,F,A,P49023,Q14289,262-274
3rqg,None,None,E,"C,D",P49023,"Q9BUL8,Q9BUL8",262-273
1zub,None,None,B,A,Q811U3,Q9JIR4,938-948
3dd7,None,None,B,A,Q06253,Q06259,51-73
5d94,None,None,B,A,Q9BQS8,Q9GZQ8,1276-1288
5cx3,None,None,E,A,Q8VDC1,Q9H492,1232-1257
2kbs,None,None,B,A,Q9H251,Q9Y6N9,3347-3354
2jq9,None,None,B,A,Q9HD42,Q9UN37,180-196
4a5x,None,None,C,A,Q9HD42,Q8WV92,184-196
3vxw,None,None,B,A,P40458,P38182,85-90
3bl2,None,None,C,A,O88597,P89884,106-124
1ee5,None,None,B,A,P05221,Q02821,153-171
1ejy,None,None,N,I,P05221,P52293,155-170
2c1t,None,None,D,B,P32499,Q02821,2-46
1ej4,None,None,B,A,Q13541,P63073,51-64
1wkw,None,None,B,A,Q13541,P06730,47-66
2gl7,None,None,E,D,Q9NQB0,P35222,12-50
1dpj,None,None,B,A,P01094,P07267,3-31
1r1r,None,None,D,A,P69924,P00452,361-376
1sqk,None,None,B,A,O97428,P68135,10-34
2iv8,None,None,P,A,P49407,P63010,383-396
2nl9,None,None,B,A,O43521,Q07820,141-166
1a81,None,None,B,A,P07766,P43405,186-203
1apm,None,None,I,E,P63248,P05132,6-25
2ivz,None,None,E,A,P09883,P0A855,32-46
2oq1,None,None,B,A,P20963,P43403,69-87
1cee,None,None,B,A,P42768,P60953,230-288
1g3j,None,None,B,A,P70062,P35222,2-52
1i7w,None,None,B,A,P09803,Q02248,817-878
1j2j,None,None,B,A,Q9UJY5,Q8BSL7,168-208
1rf8,None,None,B,A,P39935,P07260,391-488
1xtg,None,None,B,A,P60880,P10845,146-204
2auh,None,None,B,A,Q14449,P06213,373-409
2o8a,None,None,I,A,Q9DCL8,P63088,12-169
1axc,None,None,B,"A,C,E",P38936,"P12004,P12004,P12004",143-160
2os6,None,None,B,A,O43157,Q9NZN5,2128-2135
3hsv,None,None,M,"A,B",O75367,"Q5NVK7,Q5NVK7",171-186
3si5,None,None,Y,B,Q8NG31,O60566,232-252
2mjv,None,None,A,B,Q15672,O60885,68-79
2n3a,None,None,A,B,Q7Z3K3,O75475,1389-1404
2fho,None,None,A,B,O75533,Q9Y3B4,378-424
2krb,None,None,B,A,O75822,P55884,45-55
1qfn,None,None,B,A,P00452,P68688,737-761
5cxt,None,None,B,A,P26369,Q8VH51,84-112
2k03,None,None,B,"A,C",P61072,"P48061,P48061",1-38
2n55,None,None,B,A,P61073,P48061,1-38
1dt7,None,None,X,"A,B",P04637,"P04631,P04631",367-388
1mwn,None,None,X,"A,B",P52907,"P04631,P04631",265-276
2zvv,None,None,X,"A,C,E",P38936,"Q9M7Q7,Q9M7Q7,Q9M7Q7",139-160
4ons,None,None,B,A,Q02248,Q61301,78-151
4ypi,None,None,E,A,Q05127,P18272,20-47
4ycu,None,None,C,"A,B,D,E",Q13155,"Q15046,Q15046,Q15046,Q15046",1-36
2v51,None,None,F,B,Q8K4J6,P68135,14-41
2odb,None,None,B,A,Q9NQU5,P60953,11-45
4zjv,None,None,C,A,Q9UJM3,P00533,336-398
1oby,None,None,P,A,P31431,O00560,193-198
3fm7,None,None,C,"A,B",Q24246,"Q94524,Q94524",109-123
3fm7,None,None,C,"E,F",Q24246,"Q24117,Q24117",126-135
2hmh,None,None,B,A,Q00560,O35718,753-763
2pg1,None,None,I,"F,G",Q62871,"Q94524,Q94524",137-151
2pg1,None,None,I,"A,B",Q62871,"Q24117,Q24117",152-163
4a8x,None,None,B,"A,C",Q9VJ12,"Q15287,O55128",648-687
3gj9,None,None,C,A,P48050,O14907,436-445
1f95,None,None,C,"A,B",O43521,"P63170,P63170",108-116
3hqm,None,None,C,A,P19538,O43791,1356-1367
3hql,None,None,C,A,Q9VHV8,O43791,91-106
2z34,None,None,C,"A,B",P87314,"O74515,O74515",469-497
1abo,None,None,C,A,P55194,P00520,528-537
1mw4,None,None,B,A,P04626,Q14451,1135-1144
2i0l,None,None,C,A,P06463,Q62696,152-158
2jf1,None,None,T,A,P05107,P21333,735-769
1hrt,None,None,I,"H,L",P01050,"P00735,P00735",1-65
1h2k,None,None,S,A,Q16665,Q9NWT6,786-826
1p22,None,None,C,"A,B",P35222,"Q9Y297,P63208",19-44
1nx1,None,None,C,"A,B",P12675,"P04574,P04574",231-241
1dev,None,None,B,A,O95405,Q15796,771-811
1sc5,None,None,B,A,O66683,O67268,1-88
1tba,None,None,A,B,P51123,P13393,11-77
1m1e,None,None,B,A,Q9NSA3,Q02248,1-81
1n4m,None,None,C,A,Q14209,P06400,410-427
2c1m,None,None,B,A,Q9JIH2,P52293,1-46
1jsu,None,None,C,"A,B",P46527,"P24941,P20248",23-106
1zoq,None,None,C,A,Q92793,Q14653,2065-2111
5aul,None,None,B,A,P10747,P27986,189-196
1k2d,None,None,P,"A,B",P02686,"P14438,P06344",134-144
1fv1,None,None,C,"A,B",P02686,"P01903,Q30154",218-237
2fym,None,None,B,"A,C",P21513,"P0A6P9,P0A6P9",833-850
2ghq,None,None,C,A,P24928,Q9GZU7,1795-1803
2h4m,None,None,D,B,P09651,Q92973,309-357
2jk9,None,None,B,A,Q96IZ0,Q96BD6,67-81
2r7g,None,None,B,A,P03255,P06400,40-49
2xl2,None,None,C,A,Q8BX09,P61965,369-381
3c66,None,None,D,B,P45976,P29468,80-105
4pz5,None,None,B,A,O50835,O50835,174-189
1o9a,None,None,B,A,Q53971,P02751,1052-1066
1o9a,None,None,B,A,Q53971,P02751,1043-1051
3nfl,None,None,E,A,Q12879,P29074,1449-1464
3iax,None,None,B,A,P04480,P0A855,1-107
3qdr,None,None,B,A,P04480,P19934,53-107
4ln2,None,None,B,A,P18206,Q9BX66,857-867
4lnp,None,None,B,A,P18206,Q9BX66,870-879
4k45,None,None,B,A,P10686,P10686,770-787
3d9k,None,None,Y,A,P24928,Q9UPN6,1790-1803
2e4h,None,None,B,A,P68363,P30622,416-451
2mbh,None,None,B,A,Q13351,J3QS39,1-40
2n23,None,None,B,A,Q13351,P32776,22-40
2li5,None,None,B,A,P38862,P38182,601-630
4uqt,None,None,B,A,P46947,P40565,218-256
1p9d,None,None,S,U,P55036,P54725,263-307
2le8,None,None,B,A,Q9H211,Q14566,413-441
2n1g,None,None,B,A,Q15054,Q9UBZ9,231-246
1u76,None,None,B,"A,C,E",Q15054,"P12004,P12004,P12004",452-466
2a7u,None,None,A,B,P0ABB3,P0ABA4,1-22
2lsj,None,None,B,A,Q9QUG2,Q920Q2,558-582
2lue,None,None,B,A,Q96CV9,Q9GZQ8,169-185
2k3w,None,None,B,A,Q96FZ7,Q9UN37,166-181
3w8j,None,None,C,A,O08807,Q5R6T1,244-263
3wgx,None,None,C,A,O08807,Q8NBS9,244-263
1lxg,None,None,B,A,P02710,P01391,205-223
1abt,None,None,B,A,P02710,P60615,209-220
1a0n,None,None,A,B,P27986,P06241,91-104
3wv0,None,None,X,A,P06437,C9JGG1,50-56
4cgq,None,None,Q,A,P07900,P25638,726-732
4cgw,None,None,C,A,P07900,Q9H6T3,726-732
4cgv,None,None,F,"A,B",P07900,"Q9H6T3,Q9H6T3",726-732
2bug,None,None,B,A,P07900,P53041,728-732
2i04,None,None,C,A,P06463,Q6RHR9,152-158
1jwg,None,None,C,A,P11717,Q9UJY5,2479-2491
3pkn,None,None,B,A,Q71RC2,P11940,13-26
1w70,None,None,C,A,P14598,Q15080,359-372
2w3o,None,None,C,A,P18887,Q96T60,515-522
4wjn,None,None,B,A,P29590,P63165,546-574
1ddv,None,None,B,A,P31424,Q9Z214,1155-1160
1uef,None,None,C,A,P35546,P97465,1055-1067
2v3s,None,None,D,A,Q96J92,O95747,1015-1020
5gmv,None,None,C,A,Q8IVP5,Q9GZQ8,16-23
3g2w,None,None,C,A,Q9UJY5,Q9UJY5,351-364
4xek,None,None,C,A,O60711,Q14289,86-104
4xef,None,None,B,A,Q9N261,Q14289,1-20
4xef,None,None,C,A,Q9N261,Q14289,1-20
4jor,None,None,C,A,P06463,Q9HD26,149-158
1juq,None,None,E,A,P20645,Q9NZ52,265-277
5heb,None,None,B,A,Q792Q4,P78352,93-101
3ntw,None,None,B,A,Q9H074,Q62671,123-144
1sps,None,None,D,A,P03079,P00524,321-331
2i0i,None,None,D,A,P06463,Q62696,152-158
4gvc,None,None,B,A,P18827,Q13009,303-310
3rdv,None,None,E,A,Q9P270,P30622,574-581
5dpw,None,None,B,A,Q9Y4G2,Q9BXW4,629-642
1n5z,None,None,P,A,P53112,P80667,83-96
3qgl,None,None,F,A,Q63511,Q8K4V4,388-393
1d4t,None,None,B,A,Q13291,O60880,276-286
3g2u,None,None,C,A,Q99523,Q9UJY5,819-831
1py1,None,None,E,A,P56817,Q9UJY5,494-501
2xa0,None,None,C,A,Q07813,P10415,52-82
4u7i,None,None,B,A,P53990,Q8N0X7,341-364
3brl,None,None,C,A,P40688,Q24117,287-296
3lny,None,None,B,A,Q8TEU7,Q12923,1596-1601
1z9o,None,None,J,D,Q8K4M9,Q9Z270,472-481
2ltv,None,None,B,A,O15105,P46937,206-217
2ltw,None,None,B,A,O15105,P46937,204-217
2ltx,None,None,B,A,O15105,Q9HCE7,203-217
2lty,None,None,B,A,O15105,Q96PU5,203-217
2ltz,None,None,B,A,O15105,Q9HAU4,203-217
2w85,None,None,B,A,P40855,O75381,66-77
3va4,None,None,C,B,O96017,Q5PSV9,63-73
2kpz,None,None,B,A,P0C210,P46934,113-124
4n7h,None,None,B,A,Q96B67,P46934,342-354
2m3o,None,None,P,W,P37088,P46934,638-648
2kq0,None,None,B,A,Q05128,P46934,5-16
5csf,None,None,C,"A,B",Q15418,"P04271,P04271",681-735
5csn,None,None,C,"A,B",Q15418,"P04271,P04271",681-720
4h3p,None,None,B,A,Q15418,P28482,712-735
3gs2,None,None,B,A,O95931,Q99496,219-248
1i8h,None,None,A,B,P10636,Q13526,542-554
1oj5,None,None,B,A,P42226,Q15788,795-808
2jby,None,None,B,A,Q16611,Q85295,67-92
2a25,None,None,B,A,Q9HB71,Q8IUQ4,58-70
4x3g,None,None,C,A,O94966,Q8IUQ4,461-474
2ez5,None,None,P,W,Q24139,Q9VVI3,227-237
1xb0,None,None,G,A,Q9NR28,Q96P09,56-62
3d9u,None,None,B,A,Q9NR28,Q13490,56-61
3uih,None,None,P,"A,B",Q9NR28,"O15392,O15392",56-70
4hsu,None,None,C,A,Q92133,Q8NB78,2-31
4gur,None,None,C,A,P84243,Q8NB78,2-22
2jtt,None,None,C,"A,B",Q9CXW3,"P30801,P30801",189-219
2lct,None,None,B,A,P48025,P15498,338-350
2wjv,None,None,D,A,Q9HAU5,Q92900,1105-1198
4lx2,None,None,B,A,Q91V27,Q9Y4I1,176-201
4e05,None,None,I,"H,L",Q9NJS1,"P00734,P00734",23-83
3qv1,None,None,G,"A,B,C,D",Q9LZP9,"P25856,P25856,P25856,P25856",54-131
2vof,None,None,B,A,Q99ML1,Q07440,130-155
2roc,None,None,B,A,Q99ML1,P97287,130-155
2rod,None,None,B,A,Q9JM54,P97287,17-42
2jm6,None,None,A,B,Q9JM54,P97287,68-93
3b1k,None,None,D,"A,B,G,H",Q6BBK3,"Q9R6W2,Q9R6W2,Q9R6W2,Q9R6W2",51-75
3m91,None,None,B,"A,C",P9WHN5,"P9WQN5,P9WQN5",21-64
2p4r,None,None,T,A,Q96J02,O55043,246-270
2brq,None,None,C,A,P26010,P21333,768-798
3d9t,None,None,C,A,P55211,Q13490,316-321
2e3k,None,None,R,D,P02309,P25440,2-16
2w9r,None,None,B,A,P0ABT2,P0A8Q6,6-16
5brm,None,None,G,A,Q13188,Q9H8S9,371-401
1bt6,None,None,C,"A,B",P17785,"P60903,P60903",1-14
1suy,None,None,C,"A,B",Q79V60,"Q79V62,Q79V62",485-518
4apo,None,None,E,A,Q15388,O00170,140-145
4a54,None,None,B,A,O13828,O94752,240-291
2nd1,None,None,B,A,Q9BZ95,O60885,593-605
2nd0,None,None,B,A,E5LC01,O60885,1086-1104
2ncz,None,None,B,A,Q9BZ95,O60885,152-163
2n3k,None,None,B,A,Q8UN00,O60885,1719-1735
2bn5,None,None,B,A,P17133,Q7JPS0,405-425
1bbr,None,None,F,"E,H,L",P02671,"P00735,P00735,P00735",25-35
5d0o,None,None,C,D,P0A903,P0AC02,1-344
1yfn,None,None,E,"A,B",P0AFX8,"P0AFZ3,P0AFZ3",77-108
3esk,None,None,B,A,P11142,P31948,635-646
2jmx,None,None,B,A,P19483,P13621,44-68
2jql,None,None,B,A,P22216,P39009,3-12
1ca9,None,None,G,"A,B,C",P20333,"Q12933,Q12933,Q12933",420-428
1czy,None,None,D,"A,B,C",P03230,"Q12933,Q12933,Q12933",204-210
1czz,None,None,D,"A,B,C",P25942,"Q12933,Q12933,Q12933",250-258
1d01,None,None,G,"D,E,F",P28908,"Q12933,Q12933,Q12933",576-583
1d0a,None,None,G,"A,B,C",P43489,"Q12933,Q12933,Q12933",261-266
4wfd,None,None,C,"A,B",P47047,"Q12149,P38801",1-20
1ee4,None,None,C,A,P01106,Q02821,320-328
1fyr,None,None,I,"A,B",P08581,"P62994,P62994",1355-1359
1gwq,None,None,C,"A,B",Q15596,"P03372,P03372",688-696
1h24,None,None,E,"A,B",Q01094,"P24941,P20248",87-95
1h26,None,None,E,"A,B",P04637,"P24941,P20248",376-386
1h25,None,None,E,"A,B",P06400,"P24941,P20248",868-878
1h28,None,None,E,"A,B",P28749,"P24941,P20248",653-663
1jd5,None,None,B,A,Q24570,Q24306,2-11
1jd6,None,None,B,A,Q24106,Q24306,2-11
1jeg,None,None,B,A,P29352,P41241,605-629
1k2n,None,None,P,A,P14737,P22216,599-607
1k3q,None,None,B,A,P14737,P22216,188-200
1kkq,None,None,E,A,Q9Y618,Q07869,2347-2365
1ky6,None,None,P,A,O88339,P17427,375-381
1ky7,None,None,P,A,P49418,P17427,322-331
1kyu,None,None,P,A,P42567,P17427,627-632
1m2z,None,None,B,A,Q15596,P04150,734-754
1m7e,None,None,D,A,P08592,P98078,755-763
1mfg,None,None,B,A,P04626,Q96RT1,1247-1255
1n7f,None,None,C,A,Q13136,P97879,1195-1202
1o6l,None,None,C,A,P49841,P31751,3-12
1obx,None,None,B,A,Q01344,O00560,413-420
1pjm,None,None,A,B,P06400,P52293,858-877
1pjn,None,None,A,B,P06180,P52293,532-553
1q1t,None,None,A,C,P03070,P52293,110-134
2df6,None,None,C,A,Q62829,O55043,188-205
5bs2,None,None,R,"A,B",P00877,"A8HQH2,A8HQH2",462-467
2n01,None,None,A,B,Q8PJB3,Q8PJB5,23-47
4aif,None,None,D,A,P07900,O00170,726-732
4jif,None,None,B,A,O00522,O14713,169-198
4dx9,None,None,B,A,P05556,O14713,784-798
2v7d,None,None,P,"A,B",P05107,"P63103,P63103",755-764
1qjb,None,None,Q,"A,B",P03076,"P63104,P63104",254-259
3ual,None,None,P,"A,B",P58340,"P62258,P62258",29-42
2c1j,None,None,C,"A,B",P68431,"P63104,P63104",8-15
1rf3,None,None,B,"A,C,E",P36941,"Q13114,Q13114,Q13114",385-408
1rjk,None,None,C,"A,B",Q15648,"P13053,P13053",640-652
1se0,None,None,B,A,Q24570,Q24306,2-11
1shc,None,None,B,A,P04629,P29353,489-500
2l1c,None,None,B,A,P05106,P29353,762-788
1t15,None,None,B,A,Q9BX63,P38398,988-995
4moy,None,None,B,A,O55000,P62136,393-433
1ty4,None,None,C,A,O61667,P41958,46-102
1utc,None,None,P,A,P49418,P49951,379-387
5m5r,None,None,C,A,P63010,P49951,629-637
5m5s,None,None,E,A,P49418,P49951,349-358
5m5u,None,None,E,A,P0C6L6,P49951,196-204
5m5v,None,None,E,A,A4ZNG7,P49951,202-210
1x2r,None,None,B,A,Q60795,Q9Z2X8,76-84
2dyh,None,None,B,A,Q60795,Q9Z2X8,22-36
1u7b,None,None,B,"A,C,E",P39748,"P12004,P12004,P12004",331-350
1yy6,None,None,B,A,P03211,Q93009,441-450
2a0t,None,None,B,A,P34217,P22216,301-310
2a3z,None,None,C,A,P42768,P68135,430-458
2a40,None,None,C,A,Q9Y6W5,P68135,433-464
2a41,None,None,C,A,O43516,P68135,29-60
2g2l,None,None,C,A,M0R9A7,Q62696,795-812
2azm,None,None,C,A,P16104,Q14676,134-143
3coj,None,None,I,A,Q13085,P38398,1258-1270
2cch,None,None,E,"A,B",Q99741,"P24941,P20248",89-100
2wh0,None,None,Q,"A,B",Q02156,"P63104,P63104",342-372
3iqj,None,None,P,"A,B",P04049,"P31947,P31947",255-264
3p1n,None,None,P,"A,B",Q9NPC2,"P31947,P31947",369-374
4dau,None,None,B,"A,C",Q6TGC4,"P31947,P31947",1-13
4iea,None,None,P,"A,B",P04049,"P31947,P31947",618-625
4ihl,None,None,P,"A,B",P04049,"P63104,P63104",229-264
4wrq,None,None,C,"A,B",Q9Y3M2,"P63104,P63104",12-29
5d2d,None,None,C,"A,B",P13569,"P63104,P63104",747-774
5d3e,None,None,C,"A,B",P13569,"P61981,P61981",762-801
3bow,None,None,C,"A,B",P27321,"Q07009,Q64537",571-664
3df0,None,None,C,"A,B",P27321,"Q07009,Q64537",193-278
3egg,None,None,C,A,O35274,P62136,417-583
1s70,None,None,B,A,Q90623,P62207,1-299
4xpn,None,None,B,A,O75807,P62136,552-591
2rkz,None,None,M,A,P14738,P02751,529-538
2rkz,None,None,N,B,P14738,P02751,539-547
2rky,None,None,D,A,P14738,P02751,520-530
2rky,None,None,B,C,P14738,P02751,508-519
2rl0,None,None,E,D,P14738,P02751,647-654
2rl0,None,None,L,K,P14738,P02751,639-646
3cal,None,None,B,A,P14738,P02751,664-672
3cal,None,None,D,C,P14738,P02751,655-663
2d1k,None,None,C,A,O43312,P68135,724-755
2v52,None,None,M,B,Q8K4J6,P68135,54-85
3mn5,None,None,S,A,Q9U1K1,P68135,448-485
3mn7,None,None,S,A,Q9U1K1,P10987,437-483
2eu0,None,None,B,A,Q60787,Q03526,143-148
2flu,None,None,P,X,Q16236,Q14145,69-84
2z32,None,None,B,A,P26350,Q9Z2X8,39-54
3ade,None,None,B,A,Q64337,Q9Z2X8,346-359
2foj,None,None,B,A,P04637,Q93009,361-367
2foo,None,None,B,A,P04637,Q93009,358-363
2h4j,None,None,D,A,P04637,Q9WYW0,372-389
1xqh,None,None,B,A,P04637,Q8WTS6,369-377
1ma3,None,None,B,A,P04637,O30124,372-389
4zzj,None,None,B,A,P04637,Q96EB6,379-385
3lw1,None,None,P,"A,B",P04637,"P31947,P31947",385-393
3tg5,None,None,B,A,P04637,Q9NRG4,365-375
2fop,None,None,B,A,Q00987,Q93009,145-150
3mqr,None,None,B,A,O15151,Q93009,395-404
3mqs,None,None,D,C,Q00987,Q93009,394-403
2g30,None,None,P,A,Q5SW96,P63010,252-267
2vj0,None,None,Q,A,O08838,P17427,324-330
2gbq,None,None,B,A,Q62245,Q60631,1135-1144
2gph,None,None,B,A,P35236,P63086,37-52
2gpo,None,None,C,A,P48552,P62508,366-390
3cs8,None,None,B,A,Q9UBK2,P37231,141-152
3h52,None,None,N,"A,D",O75376,"P04150,P04150",2258-2276
4h3b,None,None,B,A,O60239,P53779,341-350
4loo,None,None,B,A,Q8CF89,P47811,384-412
2okr,None,None,C,A,P49137,Q16539,370-393
2xs0,None,None,B,A,Q12968,P45983,141-154
2y9q,None,None,B,A,Q9BUB5,P28482,434-451
3o71,None,None,B,A,Q63155,P63086,1140-1166
2kxh,None,None,B,A,Q96AE4,Q9UHX1,27-52
2ihs,None,None,C,A,P09052,A1Z6E0,184-203
3f2o,None,None,C,A,P09052,Q96BD6,184-203
3n5u,None,None,C,A,P06400,P62136,870-882
2l8j,None,None,B,A,Q14596,Q9H0R8,726-738
2zpn,None,None,E,A,P35193,P38182,412-415
4eoy,None,None,D,A,C0H519,Q8IJK2,103-110
2p1l,None,None,B,"A,C",Q14457,"Q07817,Q07817",107-135
2voi,None,None,B,A,P70444,Q07440,76-109
2mow,None,None,B,A,P53632,P53617,573-584
3kuj,None,None,B,A,Q8IYD1,P11940,59-73
2jxc,None,None,B,A,Q8WXE9,P42566,300-340
2od8,None,None,B,"A,C,E",P04819,"P15873,P15873,P15873",32-53
2odd,None,None,B,A,Q9Y618,Q06455,1109-1121
3twu,None,None,B,A,Q07820,Q9H2K2,73-88
3uxg,None,None,B,A,P56524,O14593,343-359
3v2o,None,None,B,A,P98158,Q9H9E1,4448-4466
3v30,None,None,B,A,P48382,O14593,167-183
3v31,None,None,B,A,P56524,Q9H9E1,343-359
4lg6,None,None,B,A,Q9H0W5,Q9H9E1,494-510
4qqi,None,None,X,A,Q2KHR2,Q9H9E1,85-101
5jja,None,None,C,A,O60566,Q13362,647-720
3eu7,None,None,X,A,P51587,Q86YC2,21-39
3uvk,None,None,B,A,O14686,P61964,5337-5347
3emh,None,None,B,A,Q03164,P61964,3764-3776
3uvl,None,None,B,A,Q8NEZ4,P61964,4707-4717
3uvm,None,None,B,A,Q9UMN6,P61964,2508-2517
3uvn,None,None,B,A,O15047,P61964,1492-1502
3uvo,None,None,B,A,Q9UPS6,P61964,1745-1755
4cy1,None,None,C,B,Q7Z3B3,P61964,585-598
4cy3,None,None,D,A,A4V2Z1,Q9V3J8,714-729
5igo,None,None,U,A,Q96RU8,P43254,354-361
5igq,None,None,U,A,Q96RU8,Q8NHY2,354-364
3qis,None,None,B,A,Q8N4B1,Q01968,223-235
4kmd,None,None,B,A,P08151,Q9UMX1,112-128
4bld,None,None,E,A,P10071,Q9UMX1,328-344
3bqo,None,None,B,"A,C",Q9BSI4,"P54274,P54274",257-276
3bua,None,None,E,"A,B",Q9H816,"Q15554,Q15554",495-530
3zfw,None,None,X,A,Q8IWE5,O88448,203-212
2i3s,None,None,B,A,P41695,P26449,315-350
2i3t,None,None,B,A,P47074,P26449,353-400
2p1q,None,None,C,B,Q38825,Q570C0,82-94
2zne,None,None,C,A,Q8WUM4,O75340,799-814
3gjo,None,None,E,"A,B",Q03001,"Q15691,Q15691",7541-7570
3ml4,None,None,E,A,Q61006,Q18PE0,544-556
3soq,None,None,Z,A,O94907,O75581,38-44
3sov,None,None,Z,A,Q9BQB4,O75581,115-121
4bh6,None,None,N,E,Q08981,P53197,59-128
4ggd,None,None,C,A,O60566,Q12834,20-42
4f0z,None,None,C,"A,B",O36972,"Q08209,P63098",200-239
5hkh,None,None,B,"A,C",Q9GZZ9,"P61960,P61960",338-346
1pq1,None,None,B,A,O54918,Q64373,139-171
2yq6,None,None,B,A,O43521,Q07817,147-164
1ozs,None,None,B,A,P19429,P63316,129-148
4x34,None,None,C,A,P04637,Q12888,377-386
4cri,None,None,C,A,P06400,Q12888,802-817
2lgg,None,None,B,A,P68431,Q96T88,2-13
2mpt,None,None,B,A,Q96PU5,Q96PU5,945-958
2ci9,None,None,L,A,B7UM99,P16333,470-481
4z89,None,None,a,A,P91645,A0A0B4JDC9,1688-1702
5m9n,None,None,C,A,Q01094,Q9BXT4,104-120
5jej,None,None,C,B,Q86WV6,Q14653,342-379
5jek,None,None,C,A,Q7Z434,Q14653,433-450
5jel,None,None,B,A,Q8IUC6,Q14653,199-219
1k3n,None,None,B,A,P14737,P22216,149-161
3qlc,None,None,C,A,P84243,P46100,2-16
4w5a,None,None,C,A,P84243,P46100,2-16
4htc,None,None,I,"H,L",P09945,"P00734,P00734",8-72
1c1u,None,None,I,"H,L",P28504,"P00734,P00734",55-65
4n4f,None,None,C,A,P62805,Q92793,6-26
3sow,None,None,C,A,P68431,Q96T88,2-10
3qzv,None,None,C,A,P62805,Q12830,8-18
4lka,None,None,B,A,P68431,Q92794,2-22
4llb,None,None,C,A,P68431,Q92794,2-22
1v18,None,None,B,A,P25054,Q02248,1482-1528
3ask,None,None,P,A,P84243,Q96T88,2-14
5lxi,None,None,C,D,Q9Y4P1,Q9H0R8,384-393
4gng,None,None,B,A,P84243,Q9BZ95,2-16
2v85,None,None,D,A,P68431,P21784,2-13
2v88,None,None,D,A,P68431,P21784,2-9
4iuv,None,None,C,A,P59226,Q9XI47,2-16
2kwk,None,None,B,A,P07041,Q92784,2-21
2kwo,None,None,B,A,P62805,Q92784,2-21
1jpl,None,None,E,A,P11717,Q9NZ52,2480-2491
4hpt,None,None,I,E,P63248,P05132,6-25
1i7x,None,None,D,C,P09803,Q02248,734-884
2f9d,None,None,P,A,O75533,Q9Y3B4,373-415
2k04,None,None,B,"A,C",P61073,"P48061,P48061",1-38
2k05,None,None,B,"A,C",P61072,"P48061,P48061",1-38
2ght,None,None,C,A,P24928,Q9GZU7,1796-1803
3d9o,None,None,Z,B,P24928,Q9UPN6,1790-1803
3d9n,None,None,Y,A,P24928,Q9UPN6,1790-1803
4wjo,None,None,B,A,P29590,P63165,546-574
2n9x,None,None,B,A,Q8IVP5,Q9GZQ8,10-26
4gvd,None,None,D,A,P18827,Q13009,303-310
1d4w,None,None,C,A,Q13291,O60880,276-286
3g2v,None,None,C,A,Q99523,Q9UJY5,819-831
1ujj,None,None,C,A,P56817,Q9UJY5,490-501
2mc1,None,None,B,A,P48025,P15498,338-350
2c1n,None,None,C,"A,B",P68431,"P63104,P63104",8-15
3wdz,None,None,B,A,Q64337,Q9Z2X8,346-359
2h2d,None,None,B,A,P04637,Q9WYW0,372-389
5k6s,None,None,B,A,O60566,Q13362,663-681
2ndg,None,None,B,A,P68431,P42568,13-25
4cy2,None,None,C,A,Q9H9L4,P61964,406-417
4cy5,None,None,C,A,Q9VAF4,Q9V3J8,155-166
1xow,None,None,B,A,P10275,P10275,20-30
3uig,None,None,P,"A,B",P68431,"O15392,O15392",2-16
3ukz,None,None,C,B,Q3UYV9,P52293,1-23
3ifq,None,None,C,A,P09803,P14923,778-884
2dwx,None,None,P,A,Q9UJY5,Q9UJY5,376-388
2ov2,None,None,I,A,O96013,P60763,10-44
2w97,None,None,E,A,Q04637,P06730,609-622
4u7e,None,None,A,B,P53990,Q9NP79,341-364
3fie,None,None,C,A,P63027,P30996,22-57
3gme,None,None,D,A,A7ZKI9,A7ZS61,1021-1061
4oed,None,None,B,A,P41223,P10275,56-70
5jjm,None,None,G,A,Q8TBC4,P10275,62-69
2ao6,None,None,B,A,Q15596,P10275,740-753
3hqr,None,None,S,A,Q16665,Q9GZT9,558-574
3l3x,None,None,B,A,Q9Y6Q9,P10275,618-629
3l3z,None,None,B,A,Q9Y6Q9,P10275,735-746
1t5z,None,None,B,A,Q13772,P10275,322-336
3o0e,None,None,L,A,P09883,P02931,2-18
3mi9,None,None,C,"A,B",P04608,"P50750,O60563",1-86
3zhf,None,None,B,A,Q67953,O75843,85-91
4d2g,None,None,D,"A,B,C",Q15004,"P12004,P12004,P12004",52-69
4l67,None,None,B,A,O96013,O96013,36-60
3c94,None,None,B,A,A0A0H3GL04,P04995,166-174
3c94,None,None,C,A,A0A0H3GL04,P04995,166-174
3q8d,None,None,E,A,P0AGE0,P0A7H3,170-178
3uf7,None,None,B,A,P0AGE0,P12295,170-178
3uf7,None,None,C,A,P0AGE0,P12295,170-178
4nl8,None,None,C,A,A0A0H3GL04,A6TGC5,166-174
4z0u,None,None,D,A,P0AGE0,A7ZHV1,170-178
5f56,None,None,B,A,G9I562,D0EM60,298-301
3uee,None,None,B,"A,C",P68431,"O15392,O15392",2-13
4h39,None,None,B,A,Q9UQF2,P53779,158-167
2y8o,None,None,B,A,P52564,Q16539,4-17
3emw,None,None,B,A,P09052,Q99619,184-203
3twr,None,None,E,A,P78314,Q9H2K2,410-425
3bu8,None,None,C,"A,B",Q9BSI4,"Q15554,Q15554",258-275
2lgk,None,None,B,A,P68431,Q96T88,2-13
4z88,None,None,M,A,Q9W0K0,A0A0B4JDC9,149-163
4z8a,None,None,B,A,P91645,A0A0B4JDC9,1688-1702
5e50,None,None,D,A,Q13426,Q8IW19,228-236
4v0v,None,None,B,A,Q5SWA1,P63087,631-660
3u5p,None,None,I,A,P68431,Q9UPN9,2-29
3u5o,None,None,I,A,P68431,Q9UPN9,2-23
3u5n,None,None,C,A,P68431,Q9UPN9,2-21
4xi7,None,None,C,A,P78504,Q86YT6,1120-1130
4yoz,None,None,B,A,P03129,P28749,21-29
4yos,None,None,E,A,Q5ZJQ3,P28749,11-30
3m4w,None,None,E,"A,C",P0AFX7,"P0AFX9,P0AFX9",121-216
5j3t,None,None,C,"A,B",Q10108,"Q9P805,O13828",155-180
3wa4,None,None,B,A,P10747,P62993,189-196
3fp2,None,None,Q,A,P02829,P38825,698-709
5mgx,None,None,A,F,P02829,Q14318,702-709
5wqd,None,None,H,"A,B",O60934,"Q15554,Q15554",423-438
5gjh,None,None,B,A,P10747,O75791,189-196
5gji,None,None,B,A,P10747,P27986,189-196
3mxc,None,None,L,A,P05067,P62993,754-762
3o37,None,None,E,A,P68431,O15164,2-11
5t1g,None,None,B,A,P68431,P83916,39-53
2w5z,None,None,C,A,P68433,Q03164,2-9
4am9,None,None,B,A,Q9R2G2,O87496,55-65
2xcb,None,None,C,"A,B",O50280,"Q9I325,Q9I325",47-56
3gz1,None,None,Q,"A,B",P18011,"P0A2U4,P0A2U4",51-72
4cqo,None,None,B,A,Q8WY41,A5YKK6,40-56
4ue9,None,None,B,A,Q8IH18,P48598,9-44
4ue8,None,None,B,A,Q9XZ56,P48598,50-83
4uec,None,None,B,"A,C",O61380,"P48598,P48598",578-650
5uwh,None,None,D,C,P49023,P30822,264-277
5uwi,None,None,D,C,Q9UQL6,P30822,1078-1095
5uwj,None,None,D,C,Q06787,P30822,423-437
5uwp,None,None,D,C,Q9NSV4,P30822,1179-1193
5uwq,None,None,D,C,O00311,P30822,456-473
5uws,None,None,D,C,O96018,P30822,55-72
2jd5,None,None,C,B,Q01560,Q03656,408-414
1l2w,None,None,I,"A,B",P08008,"P31491,P31491",17-85
1jyo,None,None,E,"B,D",P74873,"P0CL16,P0CL16",35-139
5czf,None,None,A,D,A0A0F6F6Q9,A0A0H3JHG3,24-75
3o6q,None,None,B,"A,C",O34800,"O34853,O34853",1-56
3kxy,None,None,T,"A,B",Q9I322,"P26995,P26995",16-81
4jmf,None,None,A,"B,C",Q9I788,"G3XD93,G3XD93",28-77
4g6t,None,None,B,A,Q87UE5,Q87UE6,21-102
4gf3,None,None,B,A,P15273,Q7BTX0,21-63
1ttw,None,None,B,A,Q93KQ4,Q7BTX0,33-81
2my3,None,None,B,A,Q07930,P40565,20-42
4bjt,None,None,D,A,P29539,P11938,1752-1771
5a2p,None,None,E,"A,B",P34901,"Q9JI92,Q9JI92",195-202
2vcp,None,None,D,A,O00401,P68135,392-484
3c6w,None,None,B,A,P68431,Q9D8Y8,2-13
1cmk,None,None,I,E,P61925,P36887,6-27
2fsa,None,None,P,A,P68431,Q12830,2-16
2dvq,None,None,P,A,P02309,P25440,2-16
3lqi,None,None,R,A,P68431,Q03164,2-10
3lqj,None,None,Q,A,P68431,Q03164,2-10
1jm4,None,None,A,B,P04610,Q92831,46-55
3o34,None,None,B,A,P68431,O15164,14-33
3o35,None,None,E,A,P68431,O15164,24-32
3o36,None,None,E,A,P62805,O15164,15-20
5cw7,None,None,A,B,A0A0F6F6Q9,A0A0H3JHG3,14-75
1jlu,None,None,S,E,P61925,P05132,6-25
2an7,None,None,"A,B",None,"P22995,P22995",None,"1-83,1-83"
1x93,None,None,"A,B",None,"O25010,O25010",None,"31-73,31-73"
2k1o,None,None,"A,B",None,"Q9ZLR7,Q9ZLR7",None,"21-74,21-74"
1p94,None,None,"A,B",None,"Q9KJ82,Q9KJ82",None,"1-76,1-76"
1et1,None,None,"A,B",None,"P01270,P01270",None,"32-65,32-65"
4beh,None,None,"A,B",None,"P05386,P05387",None,"1-114,1-115"
2w1o,None,None,"A,B",None,"P05387,P05387",None,"1-69,1-69"
1kbh,None,None,"A,B",None,"Q9Y6Q9,P45481",None,"1045-1091,2059-2117"
1rso,None,None,"A,B,C,D",None,"Q62696,Q62915,Q62696,Q62915",None,"4-63,339-394,4-63,339-394"
2l14,None,None,"A,B",None,"P45481,P04637",None,"2059-2117,13-61"
2c52,None,None,"A,B",None,"P45481,Q15788",None,"2059-2117,920-974"
3cto,None,None,"A,B,C,D",None,"P9WF24,P9WF24,P9WF24,P9WF24",None,"1-91,1-91,1-91,1-91"
1arq,None,None,"A,B",None,"P03050,P03050",None,"1-53,1-53"
3frw,None,None,"A,B",None,"A5ZMD8,A5ZMD8",None,"1-104,1-104"
2cpg,None,None,"A,B",None,"P13920,P13920",None,"1-45,1-45"
1ay9,None,None,"A,B",None,"P0AG12,P0AG12",None,"32-139,32-139"
3a4d,None,None,"A,B,C,D",None,"P02766,P02766,P02766,P02766",None,"21-147,21-147,21-147,21-147"
1gke,None,None,"A,B,C,D",None,"P02767,P02767,P02767,P02767",None,"28-147,28-147,28-147,28-147"
1oo2,None,None,"A,B,C,D",None,"Q9PTT3,Q9PTT3,Q9PTT3,Q9PTT3",None,"33-148,33-148,33-148,33-148"
1y76,None,None,"A,B,C,D",None,"Q63ZW7,Q8N3R9,Q63ZW7,Q8N3R9",None,"4-65,118-177,4-65,118-177"
1vf6,None,None,"A,B,C,D",None,"Q8NI35,Q8NI35,Q9JLB2,Q9JLB2",None,"9-67,9-67,123-180,123-180"
1y74,None,None,"A,B,C,D",None,"O88951,O70589,O88951,O70589",None,"8-64,405-454,8-64,405-454"
1zl8,None,None,"A,B",None,"P90976,O14936",None,"116-165,403-456"
2b9d,None,None,"A,C",None,"P06465,P06465",None,"42-93,42-93"
1uix,None,None,"A,B",None,"Q28021,Q28021",None,"977-1047,977-1047"
3wrp,None,None,"A,B",None,"P0A881,P0A881",None,"1-108,1-108"
1uii,None,None,"A,B",None,"O75496,O75496",None,"70-152,70-152"
1hbw,None,None,"A,B",None,"P04386,P04386",None,"50-106,50-106"
2q6q,None,None,"A,B",None,"P36094,P36094",None,"65-138,65-138"
3hnw,None,None,"A,B",None,"D0VWZ2,D0VWZ2",None,"1-138,1-138"
4bry,None,None,"A,B",None,"O75496,D6RGH6",None,"83-160,173-245"
1d7m,None,None,"A,B",None,"Q54HG2,Q54HG2",None,"243-343,243-343"
4p1m,None,None,"A,B",None,"Q3YXW0,Q3YXW0",None,"1-109,1-109"
2jee,None,None,"A,B",None,"P0AF36,P0AF36",None,"1-81,1-81"
3a7o,None,None,"A,B",None,"Q03818,Q03818",None,"49-123,49-123"
1aq5,None,None,"A,B,C",None,"P05099,P05099,P05099",None,"447-493,447-493,447-493"
1aa0,None,None,"A,B,C",None,"P10104,P10104,P10104",None,"372-484,372-484,372-484"
1m7l,None,None,"A,B,C",None,"P35247,P35247,P35247",None,"220-259,220-259,220-259"
1jcc,None,None,"A,B,C",None,"P69780,P69780,P69780",None,"22-77,22-77,22-77"
2ba2,None,None,"A,B,C",None,"P75103,P75103,P75103",None,"46-130,46-130,46-130"
1wt6,None,None,"A,B,D",None,"Q09013,Q09013,Q09013",None,"457-537,457-537,457-537"
1gvp,None,None,"A,B",None,"P69543,P69543",None,"1-87,1-87"
1no4,None,None,"A,B",None,"P13848,P13848",None,"2-98,2-98"
1fe6,None,None,"A,B,C,D",None,"Q54436,Q54436,Q54436,Q54436",None,"1236-1287,1236-1287,1236-1287,1236-1287"
3f6n,None,None,"A,B,C,D",None,"P03551,P03551,P03551,P03551",None,"1-129,1-129,1-129,1-129"
1fbm,None,None,"A,B,C,D,E",None,"P35444,P35444,P35444,P35444,P35444",None,"27-72,27-72,27-72,27-72,27-72"
1mz9,None,None,"A,B,C,D,E",None,"Q9R0G6,Q9R0G6,Q9R0G6,Q9R0G6,Q9R0G6",None,"27-71,27-71,27-71,27-71,27-71"
1jun,None,None,"A,B",None,"P54864,P54864",None,"259-298,259-298"
1dip,None,None,"A,B",None,"P80220,P80220",None,"1-77,1-77"
4u5t,None,None,"A,B",None,"Q92172,Q92172",None,"271-305,271-305"
1q2h,None,None,"A,B",None,"O14492,O14492",None,"17-85,17-85"
2lnh,None,None,"A,C",None,"O00401,P0DJ89",None,"206-270,220-267"
1xou,None,None,"A,B",None,"Q47184,O52124",None,"1-192,1-95"
2mmv,None,None,"A,B",None,"Q5KWF5,Q5KWF5",None,"1-83,1-83"
4q14,None,None,"A,B",None,"Q8YFU1,Q8YFU1",None,"1-118,1-118"
2gpz,None,None,"A,B,C,D",None,"Q8Z7Q6,Q8Z7Q6,Q8Z7Q6,Q8Z7Q6",None,"27-136,27-136,27-136,27-136"
2h0e,None,None,"A,C,D,E",None,"O32142,O32142,O32142,O32142",None,"1-114,1-114,1-114,1-114"
3qva,None,None,"A,B,C,D",None,"A6T926,A6T926,A6T926,A6T926",None,"1-108,1-108,1-108,1-108"
2g2n,None,None,"A,B,C,D",None,"P76341,P76341,P76341,P76341",None,"24-137,24-137,24-137,24-137"
2h1x,None,None,"A,B,C,D",None,"Q06S87,Q06S87,Q06S87,Q06S87",None,"20-138,20-138,20-138,20-138"
2b1f,None,None,"A,B,C,D",None,"P03069,P03069,P03069,P03069",None,"249-281,249-281,249-281,249-281"
2ijk,None,None,"A,B",None,"P03051,P03051",None,"1-63,1-63"
1k1f,None,None,"A,B,C,D",None,"P11274,P11274,P11274,P11274",None,"1-72,1-72,1-72,1-72"
3hry,None,None,"A,B",None,"Q79A04,Q79A04",None,"1-73,1-73"
1t3u,None,None,"A,B,C,D",None,"Q9HTW3,Q9HTW3,Q9HTW3,Q9HTW3",None,"1-104,1-104,1-104,1-104"
2odk,None,None,"A,B",None,"Q82T22,Q82T22",None,"1-85,1-85"
1qey,None,None,"A,B,C,D",None,"P03049,P03049,P03049,P03049",None,"53-83,53-83,53-83,53-83"
4afl,None,None,"A,C",None,"Q9UNL4,Q9UNL4",None,"2-105,2-105"
1u35,None,None,"C,D",None,"O75367,Q9D2U9",None,"1-120,1-126"
2f8n,None,None,"G,H",None,"O75367,P02281",None,"1-120,4-126"
1f66,None,None,"C,D",None,"P0C0S6,P02281",None,"1-128,1-126"
3wa9,None,None,"C,D",None,"P0C0S5,P06899",None,"1-128,1-126"
1aoi,None,None,"C,D",None,"P06897,P02281",None,"5-120,28-126"
2aro,None,None,"A,B",None,"P02263,P0C1H4",None,"1-129,1-126"
3x1u,None,None,"C,D",None,"Q8CGP4,P33778",None,"2-129,3-126"
2nqb,None,None,"C,D",None,"P84051,P02283",None,"2-124,1-123"
3waa,None,None,"C,D",None,"Q71UI9,P06899",None,"1-128,1-126"
3afa,None,None,"A,B",None,"P68431,P62805",None,"1-136,1-103"
3av1,None,None,"A,B",None,"Q71DI3,P62805",None,"1-136,1-103"
3a6n,None,None,"A,B",None,"Q16695,P62805",None,"1-136,1-103"
3av2,None,None,"A,B",None,"P84243,P62805",None,"1-136,1-103"
2nqb,None,None,"A,B",None,"P02299,P84040",None,"2-136,1-103"
1id3,None,None,"A,B",None,"P61830,P02309",None,"2-136,2-103"
1tfp,None,None,"A,B,C,D",None,"P27731,P27731,P27731,P27731",None,"21-150,21-150,21-150,21-150"
2k42,None,None,"A,B",None,"P42768,P0DJ89",None,"239-310,218-253"
2oqq,None,None,"A,B",None,"O24646,O24646",None,"109-150,109-150"
1a93,None,None,"A,B",None,"A1YG22,P28574",None,"406-434,74-102"
1ci6,None,None,"A,B",None,"P18848,P28033",None,"279-341,223-285"
3vp8,None,None,"A,B,C,D",None,"P16649,P16649,P16649,P16649",None,"1-92,1-92,1-92,1-92"
3g1c,None,None,"A,B",None,"C4Z2H9,C4Z2H9",None,"1-104,1-104"
3kor,None,None,"A,D",None,"A0A0H3JS52,A0A0H3JS52",None,"1-100,1-100"
2aze,None,None,"A,B,C",None,"Q14186,Q01094,P06400",None,"196-350,196-301,829-874"
2k6s,None,None,"A,B",None,"Q7L804,Q7L804",None,"449-489,449-489"
2j0z,None,None,"A,B,C,D",None,"P04637,P04637,P04637,P04637",None,"326-356,326-356,326-356,326-356"
4d1l,None,None,"C,D,E,F",None,"G1K2L5,G1K2L5,G1K2L5,G1K2L5",None,"299-346,299-346,299-346,299-346"
3zy1,None,None,"A,B,C,D",None,"Q9H3D4,Q9H3D4,Q9H3D4,Q9H3D4",None,"396-441,396-441,396-441,396-441"
2kby,None,None,"A,B,C,D",None,"O15350,O15350,O15350,O15350",None,"349-398,349-398,349-398,349-398"
1r8p,None,None,"A,B",None,"P03120,P03120",None,"285-365,285-365"
1f9f,None,None,"A,B",None,"P06790,P06790",None,"283-365,283-365"
1dhm,None,None,"A,B",None,"P17383,P17383",None,"290-372,290-372"
2aye,None,None,"A,B",None,"Q84294,Q84294",None,"282-368,282-368"
1dbd,None,None,"A,B",None,"P03122,P03122",None,"311-410,311-410"
3ci9,None,None,"A,B,C,D,E,F",None,"O75506,O75506,O75506,O75506,O75506,O75506",None,"6-53,6-53,6-53,6-53,6-53,6-53"
4x19,None,None,"A,B,C,D,E,F",None,"Q01468,Q01468,Q01468,Q01468,Q01468,Q01468",None,"2-63,2-63,2-63,2-63,2-63,2-63"
1cmb,None,None,"A,B",None,"P0A8U6,P0A8U6",None,"2-105,2-105"
1bet,None,None,"A,B",None,"P01139,P01139",None,"131-237,131-237"
1b8k,None,None,"A,B",None,"P20783,P20783",None,"139-257,139-257"
1b98,None,None,"A,M",None,"P34130,P34130",None,"81-210,81-210"
1bnd,None,None,"A,B",None,"P23560,P20783",None,"129-247,139-257"
1b8m,None,None,"A,B",None,"P14082,P34130",None,"134-252,81-210"
4efv,None,None,"A,B",None,"Q5ISB0,Q5ISB0",None,"124-238,124-238"
1jb6,None,None,"A,C",None,"P22361,P22361",None,"1-33,1-33"
1ety,None,None,"A,B",None,"P0A6R3,P0A6R3",None,"10-98,6-98"
1n7s,None,None,"A,B,C,D",None,"P63045,P32851,P60881,P60881",None,"27-89,189-256,7-83,139-204"
4wy4,None,None,"A,B,C,D",None,"Q9BV40,P56962,O95721,O95721",None,"11-74,170-227,39-116,194-258"
2nps,None,None,"A,B,C,D",None,"O70480,G3V7P1,Q9JI51,Q5R6Q2",None,"44-117,181-251,119-199,169-234"
1gl2,None,None,"A,B,C,D",None,"Q9WUF4,O70439,O88384,Q9Z2Q7",None,"2-66,165-229,136-200,145-209"
1urq,None,None,"A,B,C,D",None,"Q9WU70,P32851,P60881,P60881",None,"1083-1145,185-259,5-83,141-204"
3b5n,None,None,"A,B,C,D",None,"P31109,P32867,P40357,P40357",None,"26-86,189-257,431-500,587-650"
1jth,None,None,"A,B,C,D",None,"P60881,P32851,P60881,P32851",None,"1-82,191-267,1-82,191-267"
3nqj,None,None,"A,B",None,"P49450,P62805",None,"59-140,20-103"
2yfw,None,None,"A,B",None,"Q6CTI2,Q6CMU6",None,"93-184,1-103"
4ne3,None,None,"A,B",None,"Q8N2Z9,A8MT69",None,"14-106,8-81"
3b0b,None,None,"A,D",None,"E1BSW7,P0DJH7",None,"2-106,2-80"
3v9r,None,None,"A,B",None,"Q3E835,Q3E829",None,"1-90,1-80"
3b0c,None,None,"T,W",None,"F1NPG5,P0DJH6",None,"529-639,2-76"
2rp4,None,None,"A,B,C,D",None,"Q9N6D8,Q9N6D8,Q9N6D8,Q9N6D8",None,"310-385,310-385,310-385,310-385"
1kj1,None,None,"A,D",None,"Q38789,Q38783",None,"177-285,29-137"
4h3o,None,None,"A,B",None,"K4DIE9,K4DIE9",None,"1-105,1-105"
3dzw,None,None,"A,C",None,"P30617,P30617",None,"24-130,24-130"
3a0e,None,None,"A,B",None,"Q8L568,Q8L568",None,"29-138,29-138"
5d5g,None,None,"A,B",None,"R9RL27,R9RL27",None,"24-132,140-250"
2d04,None,None,"A,B",None,"Q6F495,P19667",None,"23-135,23-136"
3mez,None,None,"A,B",None,"P86626,P86626",None,"1-111,112-224"
1r05,None,None,"A,B",None,"P61244,P61244",None,"21-107,21-107"
2mh3,None,None,"A,B",None,"Q14469,Q14469",None,"26-95,26-95"
2lfh,None,None,"A,B",None,"Q02535,Q02535",None,"27-83,27-83"
2lhk,None,None,"A,B",None,"O52124,O52124",None,"1-107,1-107"
1rfy,None,None,"A,C",None,"Q57471,Q57471",None,"1-102,1-102"
2hjd,None,None,"A,B",None,"Q20HX4,Q20HX4",None,"1-102,1-102"
1vzj,None,None,"A,B,C,D,I",None,"P22303,P22303,P22303,P22303,Q9Y215",None,"575-614,575-614,575-614,575-614,53-67"
3hs2,None,None,"A,B",None,"Q06253,Q06253",None,"1-58,1-58"
3g5o,None,None,"A,D",None,"O33347,O33347",None,"1-93,1-93"
1pzq,None,None,"A,B",None,"Q03132,Q03132",None,"3488-3547,3488-3547"
1k3y,None,None,"A,B",None,"P08263,P08263",None,"2-222,2-222"
1bfm,None,None,"A,B",None,"P19267,P19267",None,"1-69,1-69"
1uwo,None,None,"A,B",None,"P04271,P04271",None,"2-92,2-92"
1ygt,None,None,"A,B",None,"Q94524,Q94524",None,"1-111,1-111"
1cz3,None,None,"A,B",None,"Q60034,Q60034",None,"2-165,2-165"
2rh2,None,None,"A,B,C,D",None,"P00383,P00383,P00383,P00383",None,"17-78,17-78,17-78,17-78"
2gsr,None,None,"A,B",None,"P80031,P80031",None,"1-206,1-206"
4wr4,None,None,"A,B",None,"P08515,P08515",None,"2-217,2-217"
1krl,None,None,"A,B",None,"P02881,P02882",None,"2-45,1-50"
2adl,None,None,"A,B",None,"P62552,P62552",None,"1-72,1-72"
1npk,None,None,"A,B,C,D,E,F",None,"P22887,P22887,P22887,P22887,P22887,P22887",None,"2-155,2-155,2-155,2-155,2-155,2-155"
2c9v,None,None,"A,F",None,"P00441,P00441",None,"2-154,2-154"
3ssi,None,None,"A,B",None,"P01006,P01006",None,"32-144,32-144"
1ohv,None,None,"A,B",None,"P80147,P80147",None,"39-499,39-499"
1mnt,None,None,"A,B",None,"P03049,P03049",None,"2-77,2-77"
1vcq,None,None,"A,B",None,"P03315,P03315",None,"119-267,119-267"
1pd3,None,None,"A,B",None,"P03508,P03508",None,"59-116,59-116"
2yal,None,None,"A,B",None,"P06533,P06533",None,"71-111,71-111"
2b9c,None,None,"A,B",None,"Q5KR49,Q5KR49",None,"88-225,88-225"
2k29,None,None,"A,B",None,"P0C079,P0C079",None,"1-50,1-50"
3l32,None,None,"A,B",None,"Q0GBY3,Q0GBY3",None,"89-133,89-133"
1r6r,None,None,"A,B",None,"P12823,P12823",None,"1-100,1-100"
4aya,None,None,"A,B",None,"Q2VIU1,Q2VIU1",None,"1-82,1-82"
4ec7,None,None,"A,B",None,"P61898,P61898",None,"1-116,1-116"
3kz5,None,None,"B,E",None,"P62558,P62558",None,"272-323,272-323"
4ath,None,None,"A,B",None,"Q08874,Q08874",None,"321-403,321-403"
4ypc,None,None,"A,B,C",None,"P08670,P08670,P08670",None,"161-243,161-243,161-243"
1mkh,None,None,"A,B",None,"Q9V011,Q9V011",None,"616-722,616-722"
4w4k,None,None,"A,B",None,"A0A0H3LBR3,A0A0H3LBN6",None,"5-98,1-174"
3ssu,None,None,"A,B",None,"P08670,P08670",None,"97-189,97-189"
4cfg,None,None,"A,B",None,"Q14258,Q14258",None,"194-357,194-357"
5eof,None,None,"A,B,C,D",None,"Q96CV9,Q96CV9,Q9UHD2,Q9UHD2",None,"26-103,26-103,677-729,677-729"
2nb1,None,None,"A,B,C,D",None,"Q9H3D4,O15350,Q9H3D4,O15350",None,"397-455,351-398,397-455,351-398"
2lm0,None,None,"A,B",None,"P51825,P42568",None,"738-779,490-568"
2n4q,None,None,"A,B",None,"Q9HC52,P42568",None,"327-349,500-568"
2mv7,None,None,"A,B",None,"P42568,Q8TEK3",None,"500-568,876-900"
2fxp,None,None,"A,B,C",None,"P59594,P59594,P59594",None,"1139-1193,1139-1193,1139-1193"
3hrn,None,None,"A,B,C",None,"Q13563,Q13563,Q13563",None,"832-895,832-895,832-895"
4rp3,None,None,"A,B",None,"P31007,P31007",None,"1-97,1-97"
1ic2,None,None,"A,B",None,"P04268,P04268",None,"1-81,1-81"
1uuj,None,None,"A,B",None,"P63004,P63004",None,"1-86,1-86"
1b2p,None,None,"A,B",None,"Q9ZP49,Q9ZP49",None,"22-140,22-140"
2ezw,None,None,"A,B",None,"P00514,P00514",None,"13-62,13-62"
5fiy,None,None,"A,B",None,"Q62627,Q62627",None,"240-332,240-332"
2mw4,None,None,"A,B,C,D",None,"F6SSG7,F6SSG7,F6SSG7,F6SSG7",None,"374-419,374-419,374-419,374-419"
1g2c,None,None,"A,B,C,D,E,F",None,"P11209,P11209,P11209,P11209,P11209,P11209",None,"158-209,477-519,158-209,477-519,158-209,477-519"
4bhv,None,None,"A,B,C,D",None,"P03422,P03422,P03422,P03422",None,"304-360,304-360,304-360,304-360"
1sfk,None,None,"A,B,C,D",None,"P14335,P14335,P14335,P14335",None,"23-98,23-98,23-98,23-98"
1wu9,None,None,"A,B",None,"Q15691,Q15691",None,"189-268,189-268"
1zv8,None,None,"A,B,C,D,E,F",None,"P59594,P59594,P59594,P59594,P59594,P59594",None,"901-950,1150-1185,901-950,1150-1185,901-950,1150-1185"
3m1e,None,None,"A,B",None,"O68014,O68014",None,"1-94,1-94"
4kud,None,None,"C,D",None,"P04912,P02293",None,"1-132,1-131"
2ay0,None,None,"A,B",None,"P09546,P09546",None,"1-52,1-52"
1zv7,None,None,"A,B,C,D",None,"P59594,P59594,P59594,P59594",None,"1150-1193,1150-1193,1150-1193,1150-1193"
5gt0,None,None,"C,D",None,"Q96QV6,P62807",None,"2-131,2-126"
5gt3,None,None,"C,D",None,"P20671,Q96A08",None,"2-130,2-127"
4z5t,None,None,"A,B",None,"Q6NXT2,P62805",None,"1-135,1-103"
4me7,None,None,"E,F",None,"P96621,P96621",None,"1-93,1-93"
1ejp,None,None,"A,B",None,"P31431,P31431",None,"171-198,171-198"
1hv2,None,None,"A,B",None,"Q03071,P40338",None,"1-99,123-137"
1q68,None,None,"A,B",None,"P01730,P06239",None,"421-458,7-35"
